Lot Name,Price,Duration
"Ontario/Brock Municipal Lot Kingston, ON",3 min,to destination
"Impark Lot #71 Kingston, ON",3 min,to destination
"Hanson Memorial Garage Kingston, ON",C$3,2 hours
"Four Points Sheraton Garage Kingston, ON",4 min,to destination
"Angrove Lot Kingston, ON",Free,2 hours
"King/Queen Lot Kingston, ON",Free,2 hours
"Drury Lot Kingston, ON",Free,2 hours
"Holiday Inn Kingston, ON",C$24,2 hours
"Lower Robert Bruce Memorial Lot Kingston, ON",Free,2 hours
"Barrack Municipal Lot Kingston, ON",Free,2 hours
"Upper Robert Bruce Memorial Lot Kingston, ON",Free,2 hours
"Springer Memorial Lot Kingston, ON",Free,2 hours
"Chown Memorial Garage Kingston, ON",C$3,2 hours
"Artillery Park Aquatic Centre Kingston, ON",Free,2 hours
"Ordnance Municipal Lot Kingston, ON",Free,2 hours
"Frontenac County Court House Kingston, ON",Free,2 hours
"Armstrong Memorial Lot Kingston, ON",Free,2 hours
"McKee Memorial Lot Kingston, ON",Free,2 hours
"Metro Kingston Kingston, ON",Free,2 hours
"Pump House Lot Kingston, ON",Free,2 hours
"Richardson Beach South Lot Kingston, ON",Free,2 hours
"Waterfront Lot Kingston, ON",Free,2 hours
"Stuart St. Kingston, ON",C$6,2 hours
"Kingston General Hospital - Main Entrance Kingston, ON",C$7,2 hours
"Gorsline Lot Kingston, ON",Free,2 hours
"Belle Park Kingston, ON",Free,2 hours
"Queen's University - Donald Gordon Conference Centre Kingston, ON",60+ min,to destination
"Queens University - Faculty of Education Kingston, ON",60+ min,to destination
"Loblaws Garden Center Kingston, ON",Free,2 hours
"Markers Acres Park Kingston, ON",Free,2 hours
"Lake Ontario Park Kingston, ON",Free,2 hours
"Highway 401 Kingston, ON",Free,2 hours
